{
  "m1": {
    "const": -4.720015593810976,
    "age_pts": 0.481464478498057,
    "sdh_vol_ge100": 0.9210873775133608,
    "anticoag": 0.6933545146506125,
    "no_focal_deficit": 1.4186422342321887,
    "plt_lt150": 0.6344036469146681,
    "antiplatelet": 0.6498064750688562,
    "ant_post": 0.797707755200394
  },
  "m2": {
    "const": -3.7885618144495825,
    "age_pts": 0.4826669916253689,
    "sdh_vol_ge100": 0.8929506517234947,
    "anticoag": 0.638992362959546,
    "no_focal_deficit": 1.3889162833268016
  }
}