score,n,failures,rate,ci_lo,ci_hi
0,6,0,0.0,0.0,0.3903430336530645
1,20,3,0.15,0.05236779195949582,0.36042329588695743
2,31,3,0.0967741935483871,0.033464036094643976,0.2490028999817704
3,53,3,0.05660377358490566,0.01943630892731418,0.15370448936126319
4,54,8,0.14814814814814814,0.07702971308229412,0.266003674652485
5,39,16,0.41025641025641024,0.2707908943540048,0.565816515266551
6,9,2,0.2222222222222222,0.0632237623122272,0.5474166563271946
7,2,1,0.5,0.09452865480086611,0.905471345199134
