variable,coef,se,OR,OR_lo,OR_hi,p
const,-4.720015593810976,0.824637445165934,0.008915039527914385,0.0017708860106716623,0.044880319402450713,1.0420026844144934e-08
age_pts,0.481464478498057,0.29568284260601574,1.6184428422476334,0.9065915655942273,2.889236270255542,0.10345834656467548
sdh_vol_ge100,0.9210873775133609,0.41284241653790177,2.512020419898406,1.118435808734072,5.64202839421689,0.025675362059522103
anticoag,0.6933545146506125,0.43244203682678495,2.0004147111717305,0.857086610613752,4.66890856433602,0.10885813049222413
no_focal_deficit,1.4186422342321887,0.5746988925839454,4.131507011463407,1.3394419912752038,12.743627791988638,0.01356819595825979
plt_lt150,0.6344036469146681,0.44511227198119685,1.8858971454633464,0.7882023953244905,4.5123030129876724,0.15408015595178537
antiplatelet,0.6498064750688562,0.40091294241464015,1.9151701599748652,0.8728701684897412,4.202087405512311,0.10505691156689238
ant_post,0.797707755200394,0.41127602437769706,2.220445286333646,0.9916565610257502,4.971859677408296,0.05242927362102946
