variable,coef,se,OR,OR_lo,OR_hi,p
const,-3.4342707836516135,0.595917591530198,0.03224891809800981,0.010029266595137509,0.10369578958010393,8.263368267936588e-09
age_pts,0.4187256554206067,0.28635601811679195,1.5200232874332689,0.8671686265308316,2.6643846694300284,0.1436712147033051
sdh_vol_ge100,0.8535191653583504,0.40399262905648897,2.3478949607951574,1.0636518858020707,5.1827207947554985,0.03462561847759247
anticoag,0.5843265736614663,0.42021079206009593,1.7937825983583182,0.7872011717895748,4.087463440708934,0.16436015331480935
plt_lt150,0.6971109962733196,0.43293564442609433,2.0079433640419526,0.8594803862049712,4.6910163604810755,0.10735519870828578
antiplatelet,0.658241235634709,0.39949595529501036,1.9313924812367278,0.8827118620168116,4.225928161942746,0.09941848787614276
ant_post,0.7317933034978579,0.40639762731144136,2.078805195646351,0.9373191846602102,4.610415653673871,0.07175285673740478
