score,n,failures,rate,ci_lo,ci_hi
0,1,0,0.0,0.0,0.7934567085261071
1,11,1,0.09090909090909091,0.016231752262825964,0.3773646254862038
2,38,3,0.07894736842105263,0.027214101394264924,0.2079967892026529
3,56,4,0.07142857142857142,0.02812558124637963,0.16975682831486202
4,59,7,0.11864406779661017,0.05867508277914001,0.22523875773415056
5,38,16,0.42105263157894735,0.2785227481181953,0.5780792938687267
6,8,3,0.375,0.13684175946152105,0.6942621454161982
7,3,2,0.6666666666666666,0.20765495512648788,0.9385096847238393
