variable,coef,se,OR,OR_lo,OR_hi,p
const,-2.5454444658118884,0.43896977959787176,0.07843818114198263,0.033179952555773946,0.18542968831918413,6.683967572212752e-09
age_pts,0.43081398225769596,0.27441726070459355,1.5385093333043076,0.8984951546712857,2.6344170654213888,0.11643301493846275
sdh_vol_ge100,0.8436563373774716,0.38377352608850585,2.3248518983534137,1.0957883384509308,4.932463834136254,0.027926436416487233
anticoag,0.4898449085184976,0.4053444944959881,1.632063081244882,0.7374067038495411,3.61215851070703,0.22686819082649134
