score,n,failures,rate,ci_lo,ci_hi
0,6,1,0.16666666666666666,0.030052585871730285,0.563509436563646
1,35,1,0.02857142857142857,0.005061361365853357,0.14533409093271313
2,74,9,0.12162162162162163,0.0653224180677459,0.2152679089553369
3,69,14,0.2028985507246377,0.12489219999893796,0.3122426240576451
4,27,9,0.3333333333333333,0.1864305444359335,0.521755801278945
5,3,2,0.6666666666666666,0.20765495512648788,0.9385096847238393
