variable,coef,se,OR,OR_lo,OR_hi,p
const,-4.2394611059236365,0.7458634111210312,0.014415358101418621,0.0033415298795128217,0.062187847089499,1.316076534943908e-08
age_pts_socr,0.7996622240023434,0.32391467204854374,2.22478932112963,1.1791585993333598,4.197643579252832,0.013558838878315322
sdh_vol_ge100,0.7158600385905906,0.4025372120017329,2.045945517916528,0.9295093623900469,4.503336094990529,0.0753431322249059
plt_lt150,0.7212445550796296,0.43765596609452034,2.056991657665838,0.8723667347746535,4.850270546824372,0.09935852148271328
antiplatelet,0.5086443862858159,0.39514197365648834,1.6630352328159883,0.766577366603055,3.6078369986880157,0.19800903366728329
no_focal_deficit,1.3922437351291104,0.5776761449576545,4.02386842673373,1.2969551128387256,12.484254046560807,0.015949173348267367
