variable,coef,se,OR,OR_lo,OR_hi,p
const,-2.977894144673462,0.47408357640359194,0.05089990892736835,0.020099087155725403,0.12890141272293448,3.356033179463487e-10
age_pts_socr,0.695501133676725,0.3102113176673911,2.0047134516792213,1.0914402163009926,3.682176965188269,0.024959839056700243
sdh_vol_ge100,0.6649040191962118,0.3955642366212295,1.9443038965299773,0.8954869431033172,4.2215217889843615,0.09278229388472636
plt_lt150,0.7595065004339195,0.4281813784442596,2.1372212424468593,0.9233807830840545,4.946729153177863,0.07609686752218238
antiplatelet,0.47980513953891785,0.39068281190246185,1.615759523869403,0.7513233946729135,3.474773789136743,0.21940215037474542
