score,n,failures,rate,ci_lo,ci_hi
0,22,3,0.13636363636363635,0.04748917264236267,0.3333541187947
1,64,4,0.0625,0.024570803674792932,0.14997696642496885
2,70,7,0.1,0.04928867510614623,0.19233122478768055
3,40,17,0.425,0.2850916852481588,0.5780519956394001
4,17,4,0.23529411764705882,0.09554889071675943,0.47262245889171606
5,1,1,1.0,0.20654329147389294,1.0
