score,n,failures,rate,ci_lo,ci_hi
0,5,1,0.2,0.036223160969787456,0.6244717358814612
1,34,3,0.08823529411764706,0.030465390304310145,0.2296081795236041
2,63,4,0.06349206349206349,0.024965213900485027,0.15219392053076733
3,66,7,0.10606060606060606,0.052332807719182424,0.20312525738814619
4,34,16,0.47058823529411764,0.31451251633111366,0.6326355957994516
5,11,4,0.36363636363636365,0.15166223614131386,0.6462032231083628
6,1,1,1.0,0.20654329147389294,1.0
