variable,coef,se,OR,OR_lo,OR_hi,p
const,-3.3092707149615554,1.407162155033528,0.03654281416596653,0.0023175194700695667,0.5762097295900083,0.018686145429613735
age,0.03250899431111859,0.01770574659060961,1.0330431846139887,0.9978087729249931,1.0695217863730218,0.0663472697142362
plt,-0.005355629652680856,0.00267914274720692,0.9946586861636687,0.9894493992462906,0.9998953991123408,0.04560741285439312
hypertension,-0.5734604883744594,0.4024942991442624,0.5635718266688549,0.25606221961047226,1.2403751099948686,0.1542246411013804
antiplatelet,0.5238029811234148,0.409202108727197,1.6884365478349257,0.7571314350608368,3.765288091407344,0.20052426721481964
gait,-0.655574883289208,0.45938772557897956,0.5191435298445195,0.21098710093931894,1.2773766897576362,0.15356195112239293
ant_post,0.593859195412083,0.41064731606672067,1.8109638102626706,0.8097783146216206,4.04998486976466,0.1481340557837224
sdh_vol_ge100,0.7593267369655929,0.4124137752608258,2.1368370826737166,0.952191214041522,4.795331704972453,0.06559563199250201
