model,apparent,boot_mean,ci_lo,ci_hi
Integer score (Model 1),0.7056023720349563,0.7076924947812514,0.6021899316640064,0.7942052379434045
Logistic regression,0.6519975031210986,0.6535154259789283,0.5464341466234968,0.7522930816257235
Elastic-net logistic,0.647159800249688,0.6486980316795778,0.5412927248947861,0.7472014324591155
Random forest,0.5819288389513109,0.5839117275930608,0.4754920931699405,0.6816547363133362
Gradient boosting,0.5728776529338326,0.5741862928166444,0.4699469398443735,0.6735387001469968
XGBoost,0.5739700374531835,0.5753040077920997,0.46637194264007464,0.6782127248670177
