model,apparent,boot_mean,ci_lo,ci_hi
Integer score (Model 1),0.7337702871410736,0.7353842228564577,0.631310884776402,0.8219834542054371
Logistic regression,0.694912609238452,0.6955675470525348,0.5928013514802689,0.7918125983563561
Elastic-net logistic,0.6910112359550563,0.691647121708946,0.5894115414777841,0.7894526902286095
Random forest,0.6281210986267166,0.6296255643822404,0.529145249755673,0.7302445141386074
Gradient boosting,0.6340511860174782,0.6348683541902251,0.5324292671648875,0.7323598013488618
XGBoost,0.6290574282147315,0.6298873540882364,0.5234386122018234,0.7316170974599573
