{
  "n": 214,
  "events": 36,
  "m1_score_auc": {
    "apparent": 0.7056023720349563,
    "optimism": 0.0020901227462951245,
    "corrected": 0.7035122492886612
  },
  "m2_score_auc": {
    "apparent": 0.6383426966292135,
    "optimism": 0.0018646043927877057,
    "corrected": 0.6364780922364258
  },
  "m1_logit": {
    "apparent": 0.7153558052434458,
    "optimism": 0.05360623236748586,
    "corrected": 0.6617495728759599,
    "loglik": -88.48210251981253,
    "aic": 190.96420503962506,
    "bic": 214.526037144778,
    "nobs": 214,
    "brier": 0.12743466092301034
  },
  "m2_logit": {
    "apparent": 0.6458333333333333,
    "optimism": 0.033079474951004155,
    "corrected": 0.6127538583823291,
    "loglik": -92.46593943884321,
    "aic": 192.93187887768642,
    "bic": 206.39578293777382,
    "nobs": 214,
    "brier": 0.13345323941955067
  },
  "m1_focal_score_auc": {
    "apparent": 0.692103620474407,
    "optimism": 0.0022808078498777907,
    "corrected": 0.6898228126245292
  },
  "m2_focal_score_auc": {
    "apparent": 0.6242197253433208,
    "optimism": 0.0020271142285224752,
    "corrected": 0.6221926111147984
  },
  "m1_focal_logit": {
    "apparent": 0.7146535580524345,
    "optimism": 0.06308084398233726,
    "corrected": 0.6515727140700972,
    "loglik": -88.3336992258123,
    "aic": 192.6673984516246,
    "bic": 219.5952065717994,
    "nobs": 214,
    "brier": 0.12768473496539315
  },
  "m2_focal_logit": {
    "apparent": 0.6481741573033707,
    "optimism": 0.047064749683953855,
    "corrected": 0.6011094076194168,
    "loglik": -92.39061318214885,
    "aic": 194.7812263642977,
    "bic": 211.61110643940697,
    "nobs": 214,
    "brier": 0.13344066841455707
  },
  "m1_hl": {
    "chi2": 10.098550583604958,
    "dof": 6,
    "p": 0.12056272165622262
  },
  "m2_hl": {
    "chi2": 2.076089387576539,
    "dof": 3,
    "p": 0.5567651682376613
  },
  "m3_score_auc": {
    "apparent": 0.6977996254681649,
    "corrected": 0.695342101667835
  },
  "m3_logit": {
    "apparent": 0.70958177278402,
    "corrected": 0.6744815819860049,
    "brier": 0.1289124115916455,
    "aic": 189.07395203309108,
    "bic": 205.90383210820033,
    "nobs": 214
  }
}