{
  "n": 214,
  "events": 36,
  "m1_score_auc": {
    "apparent": 0.692103620474407,
    "optimism": 0.0022808078498777907,
    "corrected": 0.6898228126245292
  },
  "m2_score_auc": {
    "apparent": 0.6242197253433208,
    "optimism": 0.0020271142285224752,
    "corrected": 0.6221926111147984
  },
  "m1_logit": {
    "apparent": 0.7146535580524345,
    "optimism": 0.06308084398233726,
    "corrected": 0.6515727140700972,
    "loglik": -88.3336992258123,
    "aic": 192.6673984516246,
    "bic": 219.5952065717994,
    "nobs": 214,
    "brier": 0.12768473496539315
  },
  "m2_logit": {
    "apparent": 0.6481741573033707,
    "optimism": 0.047064749683953855,
    "corrected": 0.6011094076194168,
    "loglik": -92.39061318214885,
    "aic": 194.7812263642977,
    "bic": 211.61110643940697,
    "nobs": 214,
    "brier": 0.13344066841455707
  },
  "m1_hl": {
    "chi2": 7.019843233287629,
    "dof": 6,
    "p": 0.31901600771852223
  },
  "m2_hl": {
    "chi2": 6.451900436760369,
    "dof": 4,
    "p": 0.1678463873121211
  },
  "m3_score_auc": {
    "apparent": 0.6782147315855181,
    "corrected": 0.6753774426968482
  },
  "m3_logit": {
    "apparent": 0.7144975031210987,
    "corrected": 0.6679646313132099,
    "brier": 0.12910577634937348,
    "aic": 190.94060355647017,
    "bic": 211.13645964660128,
    "nobs": 214
  }
}