{
  "n": 214,
  "events": 36,
  "m1_score_auc": {
    "apparent": 0.7337702871410736,
    "optimism": 0.0016139357153841306,
    "corrected": 0.7321563514256895
  },
  "m2_score_auc": {
    "apparent": 0.682896379525593,
    "optimism": 0.0016709560024041796,
    "corrected": 0.6812254235231888
  },
  "m1_logit": {
    "apparent": 0.7522627965043696,
    "optimism": 0.04921482988400149,
    "corrected": 0.7030479666203681,
    "loglik": -84.58170871221387,
    "aic": 185.16341742442773,
    "bic": 212.09122554460254,
    "nobs": 214,
    "brier": 0.12030558563881323
  },
  "m2_logit": {
    "apparent": 0.7098938826466916,
    "optimism": 0.031177091210224474,
    "corrected": 0.6787167914364671,
    "loglik": -88.66573153604145,
    "aic": 187.3314630720829,
    "bic": 204.16134314719216,
    "nobs": 214,
    "brier": 0.1274898290885562
  },
  "m1_hl": {
    "chi2": 4.285992730865467,
    "dof": 6,
    "p": 0.6380351072764285
  },
  "m2_hl": {
    "chi2": 1.124514553572488,
    "dof": 4,
    "p": 0.8903634497760832
  }
}